Mr,AARON
Mr,ABAS
Mr,ABBONDANZIA
Mr,ABRAHAM
Mr,ABUBAKER
Ms,ADA
Mr,ADAM
Mr,ADE
Ms,ADEL
Ms,ADELE
Ms,ADELINA
Ms,ADELINE
Mr,ADI
Mr,ADIN
Mr,ADOLFO
Mr,ADRIAN
Ms,ADRIANA
Ms,ADRIANE
Mr,ADRRIAN
Mr,AERON
Ms,AGNES
Mr,AGNIESZKA
Mr,AGOSTON
Mr,AHMAD
Mr,AHMED
Mr,AIKO
Mr,AILA
Ms,AILEEN
Ms,AILSA
Mr,AJOY
Mr,AKOLAWOLE
Mr,ALAN
Mr,ALASDAIR
Mr,ALASTAIR
Mr,ALBERT
Mr,ALBERTO
Mr,ALEC
Mr,ALEKSANDAR
Mr,ALEKSANDER
Ms,ALESSANDRA
Ms,ALESSIA
Mr,ALEX
Ms,ALEXA
Mr,ALEXANDER
Ms,ALEXANDRA
Mr,ALFONSO
Mr,ALFRED
Mr,ALI
Ms,ALICE
Ms,ALICIA
Ms,ALIDA
Ms,ALISON
Mr,ALISTAIR
Mr,ALISTER
Mr,ALLAN
Mr,ALLANA
Mr,ALLEN
Ms,ALLISON
Ms,ALLY
Ms,ALLYSON
Ms,ALMA
Mr,ALTRICIO
Mr,ALWYN
Ms,ALY
Ms,ALYS
Ms,AMANDA
Mr,AMARJIT
Ms,AMELIA
Mr,AMMALEE
Ms,AMY
Ms,ANA
Mr,ANAND
Ms,ANASTASIA
Ms,ANASTASIOS
Mr,ANDONIOS
Ms,ANDREA
Mr,ANDREAS
Mr,ANDREW
Ms,ANDRIANA
Ms,ANDRIANI
Ms,ANDRIANNA
Mr,ANDY
Mr,ANGAS
Ms,ANGE
Ms,ANGELA
Ms,ANGELICA
Ms,ANGELINA
Mr,ANGELO
Mr,ANGUS
Mr,ANIELA
Ms,ANITA
Ms,ANJA
Ms,ANJALIE
Ms,ANN
Ms,ANN-MAREE
Ms,ANN-MARIE
Ms,ANNA
Ms,ANNA-CLARA
Ms,ANNA-MARIA
Ms,ANNE
Ms,ANNETTA
Ms,ANNETTE
Ms,ANNI
Ms,ANNIE
Ms,ANNMAREE
Ms,ANNY
Mr,ANO
Mr,ANTE
Ms,ANTHEA
Mr,ANTHONY
Mr,ANTJE
Ms,ANTOINE
Mr,ANTON
Mr,ANTONI
Ms,ANTONIA
Ms,ANTONIETTA
Ms,ANTONIJA
Ms,ANTONINA
Mr,ANTONIO
Mr,ANTONY
Mr,ANWAR
Ms,APHREDITE
Ms,APRIL
Mr,ARANKA
Mr,ARCHIBALD
Mr,ARCHIE
Ms,ARISA
Mr,ARIYARATNAM
Mr,ARNOLD
Mr,ARTHUR
Mr,ARTI
Mr,ASGHAR
Mr,ASHA
Mr,ASHIM
Mr,ASHLEY
Mr,ASHOKKUMAR
Mr,ASSAAD
Mr,ASTRID
Mr,ATEF
Ms,ATHANASIA
Mr,ATHANASIOS
Ms,ATHELLA
Ms,ATHENA
Mr,ATHOL
Mr,ATTILIO
Mr,ATUL
Mr,AUBREY
Ms,AUDREY
Mr,AUGUSTO
Mr,AUREA
Mr,AUSTIN
Mr,AUSTRALIA
Mr,AUTHER
Mr,AUTURO
Mr,AVERILL
Mr,AVIS
Mr,AYAD
Mr,AYSE
Mr,AZEENA
Mr,BAHRAM
Mr,BAIRTA
Mr,BAIZEL
Mr,BAKIR
Mr,BALDEWIJN
Mr,BALSAM
Ms,BARBARA
Mr,BARNEY
Mr,BARRIE
Mr,BARRY
Mr,BARTOLOMEO
Mr,BASIL
Mr,BEATA
Ms,BEATRICE
Mr,BECKERMAN
Ms,BELINDA
Mr,BEN
Mr,BENITO
Mr,BENJAMIN
Ms,BERENICE
Ms,BERNADETTE
Ms,BERNADINE
Mr,BERNARD
Mr,BERNARDO
Mr,BERNARDUS
Ms,BERNETTE
Mr,BERT
Ms,BERTHA
Mr,BERTHOLD
Mr,BERTIE
Mr,BERWYN
Ms,BERYL
Ms,BESS
Ms,BESSIE
Ms,BETH
Ms,BETTE
Ms,BETTINA
Ms,BETTY
Ms,BEV
Mr,BEVAN
Ms,BEVERLEY
Mr,BEVERLRY
Ms,BEVERLY
Mr,BEVIS
Mr,BIAGIO
Ms,BIANCA
Mr,BILAL
Mr,BILL
Mr,BILLY
Mr,BLAIR
Ms,BLANCHE
Mr,BLAZE
Mr,BOANERGERS
Mr,BOB
Mr,BOGDAN
Mr,BOGUSLAW
Mr,BOK-MUN
Mr,BONNIE
Mr,BORIS
Mr,BOSWELL
Mr,BOYAN
Mr,BOYD
Mr,BOZANA
Mr,BOZENA
Mr,BRAD
Mr,BRADLEY
Mr,BRAHAM
Mr,BRAHM-ANAND
Mr,BRANDON
Mr,BRANISLAV
Mr,BREEN
Ms,BRENDA
Mr,BRENDAN
Mr,BRENDON
Mr,BRENT
Mr,BRETT
Mr,BRETTON
Mr,BRIAN
Mr,BRIDGES
Ms,BRIDGET
Ms,BRIDGOT
Ms,BRIGETTE
Ms,BRIGID
Ms,BRIGITTE
Mr,BRIHAM
Ms,BRITTA
Mr,BRONISLAW
Ms,BRONWYN
Mr,BROOKE
Mr,BRUCE
Ms,BRUNA
Mr,BRUNO
Mr,BRYAN
Mr,BRYCE
Mr,BUS
Mr,CAMERON
Ms,CAMILLO
Mr,CAMPBELL
Ms,CANICE
Mr,CARIN
Ms,CARINA
Mr,CARL
Ms,CARLA
Mr,CARLO
Mr,CARLOS
Ms,CARLY
Mr,CARLYLE
Ms,CARMEL
Ms,CARMELO
Ms,CARMEN
Mr,CARMINE
Ms,CAROL
Ms,CAROLE
Ms,CAROLINE
Ms,CAROLYN
Ms,CAROLYNE
Ms,CAROLYNNE
Ms,CARRIE
Ms,CARROL
Mr,CARTRIDGE
Ms,CASSANDRA
Ms,CATERINA
Ms,CATHERINE
Ms,CATHLEEN
Ms,CATHRYN
Ms,CATHY
Ms,CECELIA
Mr,CECIL
Ms,CECILE
Ms,CECILIA
Ms,CECILY
Mr,CEDU
Mr,CELEDONIO
Ms,CELESTE
Ms,CELIA
Mr,CESAR
Mr,CHAD
Mr,CHAIM
Ms,CHANDANA
Mr,CHANDRIKA
Ms,CHANTAL
Ms,CHANTEL
Mr,CHARLES
Ms,CHARLOTTE
Ms,CHARMAINE
Mr,CHEMIE
Mr,CHENG-CHIU
Ms,CHERI
Ms,CHERIE
Ms,CHERRILL
Ms,CHERRY
Ms,CHERYL
Mr,CHERYLM
Mr,CHEUNG
Mr,CHIARA
Mr,CHRIS
Ms,CHRISTA
Mr,CHRISTIAN
Ms,CHRISTIANNA
Ms,CHRISTIE
Ms,CHRISTINA
Ms,CHRISTINE
Mr,CHRISTINU
Mr,CHRISTOPHER
Mr,CHRISTOS
Ms,CHRSITINE
Mr,CHUL
Ms,CICELY
Ms,CINDERELLA
Ms,CINDY
Mr,CIRO
Ms,CLAIR
Ms,CLAIRE
Ms,CLARA
Ms,CLARE
Mr,CLARENCE
Mr,CLAUDE
Ms,CLAUDIA
Ms,CLAUDINE
Mr,CLAYTON
Mr,CLEMENT
Mr,CLIFF
Mr,CLIFFORD
Mr,CLIVE
Mr,CLYDE
Mr,COL
Mr,COLE
Ms,COLEEN
Ms,COLETTE
Mr,COLIN
Ms,COLLEEN
Ms,COLLETTE
Mr,CON
Ms,CONCEPCION
Ms,CONCETTA
Ms,CONNIE
Ms,CONSTANCE
Mr,CONSTANCIO
Mr,CONSTANTINOS
Mr,COO-EE
Ms,CORAL
Ms,CORALE
Ms,CORALINE
Ms,CORDELIA
Ms,COREY
Ms,CORINNE
Ms,CORRIE
Mr,COSMO
Mr,COSTANTINO
Ms,COURTENAY
Mr,CRAIG
Mr,CRAIGQ
Ms,CRISTINA
Mr,CUONG
Mr,CVIJAN
Ms,CYNTHIA
Mr,CYRIL
Mr,DAGMAR
Ms,DAIELLE
Ms,DAISY
Mr,DALE
Mr,DALGLEISH
Mr,DALLAS
Mr,DAMIAN
Mr,DAN
Mr,DANESH
Ms,DANICA
Mr,DANIEL
Ms,DANIELA
Ms,DANIELE
Ms,DANIELLE
Mr,DANNY
Mr,DANUEL
Ms,DANUTA
Ms,DAPHNE
Ms,DAPNE
Mr,DARIUSZ
Ms,DARLENE
Mr,DARREL
Mr,DARRELL
Mr,DARREN
Mr,DARRYL
Mr,DARRYN
Mr,DARYL
Mr,DAVE
Mr,DAVID
Mr,DAVID-SELINA
Mr,DAVIDQ
Mr,DAVINA
Mr,DAWEI
Mr,DAWN
Mr,DEAN
Ms,DEANNA
Ms,DEANNE
Ms,DEBBIE
Ms,DEBORAH
Ms,DEBRA
Mr,DECKER
Mr,DEIDRE
Mr,DEL
Mr,DELENY
Mr,DELIA
Mr,DELLE
Ms,DELMA
Ms,DELPHINE
Mr,DEMETRIOS
Mr,DENIS
Ms,DENISE
Mr,DENNIS
Mr,DENYS
Mr,DENZIL
Mr,DEON
Mr,DERECK
Mr,DEREK
Mr,DERHAM
Mr,DERRICK
Mr,DES
Ms,DESIREE
Mr,DESLEY
Mr,DESMOND
Ms,DEWI
Ms,DFIRDRE
Ms,DIAN
Ms,DIANA
Ms,DIANE
Ms,DIANNE
Mr,DIDIER
Mr,DIEGO
Mr,DIETER
Mr,DIGBY
Ms,DIJANA
Mr,DIMITRI
Mr,DIMITRIE
Mr,DIMITRIS
Mr,DION
Mr,DIRK
Mr,DITH
Mr,DMC
Mr,DMYTRO
Mr,DOLORES
Ms,DOMA
Mr,DOMENIC
Ms,DOMENICA
Mr,DOMENICO
Mr,DOMINIC
Ms,DOMINIQUE
Mr,DON
Ms,DONA
Mr,DONALD
Ms,DONATELLO
Mr,DONATO
Ms,DONNA
Ms,DORA
Mr,DORDANEH
Ms,DOREEN
Ms,DORIS
Ms,DOROTHEA
Ms,DOROTHY
Ms,DOROTHY-JEAN
Ms,DORRIS
Mr,DORRIT
Ms,DORTHEY
Mr,DOUG
Mr,DOUGLAS
Ms,DRAGICA
Ms,DRAGILA
Mr,DRAGOLUB
Mr,DUDLEY
Ms,DULCIE
Mr,DUNCAN
Mr,DUNSTAN
Ms,DUSANKA
Mr,DUSKO
Mr,DYSANOVSKI
Mr,EAMONN
Mr,EARLE
Ms,EBONY
Mr,ECOCARE
Mr,EDDIE
Ms,EDEN
Mr,EDITH
Mr,EDMUND
Ms,EDNA
Mr,EDUARDO
Mr,EDWARD
Ms,EDWARDA
Mr,EDWIN
Mr,EFFAT
Ms,EFFIE
Mr,EGIDIO
Ms,EILEEN
Mr,EINCENZO
Ms,EKATERINA
Ms,EKATERINE
Ms,EKATHRINE
Ms,ELAINE
Ms,ELANOR
Mr,ELDERT
Ms,ELEANOR
Ms,ELENA
Ms,ELENE
Ms,ELEONARA
Ms,ELFRIEDE
Ms,ELIA
Mr,ELIAS
Mr,ELIO
Ms,ELISA
Ms,ELISABETH
Ms,ELISABETTA
Ms,ELISE
Ms,ELISSA
Ms,ELIZA
Ms,ELIZABETH
Ms,ELIZAJESSIE
Ms,ELLA
Ms,ELLE
Ms,ELLEN
Ms,ELLINOR
Mr,ELROND
Ms,ELSIE
Mr,ELSJE
Ms,ELVA
Ms,ELVIE
Ms,ELVIRA
Ms,ELZA
Mr,EMANUEL
Mr,EMIL
Ms,EMILE
Ms,EMILI
Ms,EMILY
Ms,EMMA
Ms,EMMA-JANE
Mr,EMMANOUIL
Ms,EMMANUEL
Ms,EMMIE
Ms,ENA
Mr,ENG-SEONG
Ms,ENID
Mr,ENN
Mr,ENNY
Mr,ENOK
Mr,ENRIQUE
Mr,ENZO
Mr,EPAMINONDAS
Mr,ERAS
Mr,ERIC
Ms,ERICA
Mr,ERICH
Mr,ERICK
Ms,ERIKA
Ms,ERINA
Ms,ERIS
Ms,ERLINDA
Ms,ERMIDA
Mr,ERMIS
Mr,ERN
Ms,ERNA
Mr,ERNEST
Mr,ERNESTO
Mr,ERNO
Mr,ERNST
Mr,ERROL
Ms,ESMA
Ms,ESME
Mr,ESPEDITO
Mr,ESTANISLAO
Ms,ESTELITA
Ms,ESTELLE
Ms,ESTHER
Ms,ESTRALLITA
Ms,ETHEL
Mr,ETTORE
Mr,EUAN
Mr,EUDOXIA
Mr,EUGENE
Ms,EUGENIA
Ms,EUGENIE
Mr,EUGIENIUSZ
Ms,EUGINE
Mr,EULA
Ms,EUNICE
Mr,EUSEBIO
Ms,EVA
Mr,EVAN
Ms,EVANGELIA
Ms,EVANTHEA
Ms,EVE
Mr,EVELINE
Ms,EVELYN
Ms,EVETTE
Mr,EWAN
Mr,EWDOKIA
Mr,EXTENSION
Mr,EYE
Mr,EZIO
Mr,FANDA
Mr,FARAMARZ
Mr,FARI
Mr,FAY
Ms,FAY-GWENDOLINE
Ms,FAYE
Ms,FELICE
Mr,FELICIDAD
Ms,FELICITAS
Ms,FELICITY
Mr,FENG
Mr,FERENC
Mr,FERNANDO
Mr,FERUCIO
Mr,FERYAL
Mr,FESTOS
Mr,FEVZIYE
Mr,FILIPPO
Ms,FILISIA
Ms,FILOMA
Ms,FILOMENA
Mr,FIMA
Ms,FIONA
Ms,FIORA
Mr,FLASH
Ms,FLEURANGE
Ms,FLORA
Ms,FLORENCE
Ms,FORTUNATA
Mr,FORTUNATO
Mr,FOTINI
Mr,FOTIS
Mr,FOUAD
Mr,FRAANCIS
Ms,FRAN
Ms,FRANCA
Ms,FRANCES
Ms,FRANCESCA
Mr,FRANCESCO
Ms,FRANCESKA
Mr,FRANCIS
Ms,FRANCISCA
Mr,FRANCISCO
Mr,FRANCO
Mr,FRANK
Mr,FRED
Ms,FREDA
Mr,FREDDY
Mr,FREDERIC
Mr,FREDERICK
Mr,FREDRIC
Mr,FREDRICK
Ms,FRYDA
Mr,FULVIO
Mr,GABOR
Mr,GABRIEL
Ms,GABRIELE
Ms,GABRIELLE
Mr,GAETANO
Ms,GAIL
Ms,GALINA
Mr,GALLI
Mr,GAMAL
Mr,GAO
Mr,GARABED
Mr,GARBIS
Mr,GARETH
Mr,GARRY
Mr,GARTH
Mr,GARY
Mr,GAVAN
Mr,GAVIN
Ms,GAY
Ms,GAYLE
Ms,GAYLENE
Mr,GAYNOR
Ms,GENEVIEVE
Ms,GENOVEVA
Mr,GEOFF
Mr,GEOFFERY
Mr,GEOFFREY
Mr,GEOFREY
Mr,GEORGE
Ms,GEORGIA
Mr,GERALD
Ms,GERALDINE
Mr,GERARD
Ms,GERDA
Mr,GERHARD
Mr,GERRARD
Mr,GERRIT
Mr,GERRY
Ms,GERTRUDE
Mr,GHEORGHE
Mr,GIANNI
Mr,GIK
Mr,GIL
Mr,GILBERT
Ms,GILDA
Mr,GILL
Ms,GILLIAN
Ms,GINA
Mr,GINO
Mr,GIORGIO
Mr,GIOUANNI
Ms,GIOVANNA
Mr,GIOVANNI
Ms,GISELA
Mr,GIULIANO
Mr,GIUSEPPE
Ms,GLADYS
Mr,GLEN
Ms,GLENDA
Ms,GLENICE
Ms,GLENIS
Mr,GLENN
Ms,GLENNIS
Ms,GLENYS
Ms,GLENYSS
Ms,GLORIA
Ms,GLYNIS
Mr,GLYNN
Ms,GORDANA
Mr,GORDON
Ms,GRACE
Ms,GRACIELA
Mr,GRAEME
Mr,GRAHAM
Mr,GRAHAME
Mr,GRANT
Mr,GRATTON
Ms,GRAZIA
Ms,GRAZIELLA
Mr,GREG
Ms,GREGORIA
Mr,GREGORY
Mr,GREIGE
Mr,GRETEL
Mr,GRUBIR
Mr,GUILLERMO
Ms,GUISEPPA
Ms,GUISEPPINA
Ms,GUNASENA
Mr,GUNN
Mr,GUOHUI
Mr,GUS
Ms,GUSTA
Mr,GUSTAV
Mr,GUY
Ms,GWEN
Ms,GWENDOLINE
Ms,GWENDOLYN
Ms,GWENETH
Ms,GWENNETH
Mr,GWYN
Mr,GWYNETH
Mr,HADYN
Ms,HALINA
Mr,HALLEN
Mr,HAMED
Mr,HAMENT
Mr,HAMIDI
Mr,HAMISH
Mr,HANK
Mr,HANNA
Mr,HANNELORE
Mr,HANS
Mr,HANS-PETER
Mr,HARALD
Mr,HAROLD
Mr,HARRY
Mr,HARTLEY
Mr,HARVEY
Mr,HARWINDERJIT
Mr,HAULEY
Mr,HAYDEN
Ms,HAZEL
Mr,HEADLEY
Mr,HEATH
Ms,HEATHER
Mr,HEBA
Mr,HEDWIG
Mr,HEIDI
Mr,HEINO
Mr,HEINZ
Mr,HEINZ-WALTER
Ms,HELEN
Ms,HELENA
Ms,HELENE
Ms,HELGA
Ms,HELLA
Mr,HELMUT
Ms,HEMA
Ms,HENDRIETTA
Mr,HENDRIKUS
Mr,HENERY
Mr,HENRY
Mr,HERB
Mr,HERBERT
Mr,HERMAN
Mr,HERON
Ms,HESTER
Mr,HEUISEON
Mr,HIENG
Ms,HILARY
Ms,HILDA
Mr,HILDEBRANDO
Ms,HILDEGARD
Mr,HIMESH
Mr,HORALE
Mr,HORST
Mr,HORST-ERWIN
Mr,HOWARD
Mr,HUBERT
Mr,HUGH
Ms,HULYA
Mr,HUNG
Mr,HUSEJN
Mr,HYACINTH
Mr,HYLTON
Mr,IAIN
Mr,IAKOVOS
Mr,IAN
Mr,IBRAHIM
Ms,IDA
Mr,IKUYO
Mr,ILIAS
Mr,ILKKA
Mr,ILLIS
Ms,ILMA
Ms,ILONA
Ms,ILUMINADA
Ms,IMELDA
Ms,INA
Ms,INDA
Ms,INDIRA
Mr,INET
Ms,INGA
Ms,INGE
Ms,INGRID
Mr,INNES
Ms,INTA
Ms,IOAN
Mr,IONE
Mr,IPOH
Mr,IREK
Ms,IRENE
Mr,IRIS
Ms,IRMA
Mr,ISAAK
Ms,ISABEL
Ms,ISABELLA
Ms,ISABELLE
Mr,ISAIA
Mr,ISI
Mr,ISIDRO
Mr,ISLAM
Mr,ISMALE
Mr,ISOBEL
Mr,ISRAN
Mr,IVAN
Ms,IVANICA
Mr,IVOR
Ms,IVY
Mr,IWAN
Ms,IYANA
Mr,JAAK
Mr,JACK
Ms,JACKALENE
Ms,JACKI
Ms,JACKIE
Mr,JACKSON
Mr,JACOB
Ms,JACOBENA
Ms,JACQUELINE
Mr,JACQUES
Ms,JACQUI
Ms,JACUELINE
Ms,JADE
Ms,JADRA
Ms,JAENETTE
Mr,JAI
Mr,JAIME
Mr,JAKE
Mr,JAKOV
Mr,JAMAL
Mr,JAMES
Ms,JAMICE
Mr,JAMIE
Mr,JAMSHID
Mr,JAN
Ms,JANE
Ms,JANELLE
Ms,JANENE
Ms,JANET
Ms,JANETTA
Ms,JANETTE
Ms,JANICE
Ms,JANIFER
Ms,JANINA
Ms,JANINE
Ms,JANIS
Ms,JANNICE
Ms,JAQUI
Mr,JAROD
Mr,JARROD
Ms,JASMINE
Mr,JASON
Mr,JAY
Ms,JAYMEE-LEE
Ms,JAYNE
Ms,JEAN
Ms,JEAN-MARIE
Mr,JEAN-PAUL
Mr,JEAN-PIERRE
Ms,JEANETTE
Ms,JEANIE
Ms,JEANINE
Ms,JEANNE
Ms,JEANNETTE
Mr,JEFF
Mr,JEFFERSON
Mr,JEFFERY
Mr,JEFFREY
Ms,JEN
Ms,JENELLE
Ms,JENETTE
Ms,JENNEINE
Ms,JENNIE
Ms,JENNIFER
Ms,JENNIFFER
Ms,JENNY
Ms,JEREMY
Mr,JEROME
Mr,JERRY
Ms,JESSE
Ms,JESSICA
Ms,JESSIE
Mr,JESUS
Mr,JETHRO
Mr,JIE
Mr,JIF
Ms,JILDA
Ms,JILL
Ms,JILL-ANNETTE
Ms,JILLIAN
Mr,JIM
Mr,JIMMY
Mr,JIRI
Ms,JO-ANNE
Ms,JOAN
Ms,JOANN
Ms,JOANNA
Ms,JOANNE
Ms,JOCELYN
Mr,JOCK
Ms,JOCLYN
Ms,JODI
Ms,JODIE
Ms,JODY
Mr,JOE
Mr,JOEL
Mr,JOFFRE
Mr,JOHANN
Ms,JOHANNA
Mr,JOHANNES
Mr,JOHN
Mr,JOHN-CARLYLE
Mr,JOHNANN
Mr,JOKO
Ms,JOLANDA
Mr,JON
Mr,JONATHAN
Mr,JONATHON
Mr,JONE
Mr,JONNY
Mr,JONNYHANS
Mr,JORG
Mr,JORIWARTI
Mr,JOSE
Mr,JOSEF
Mr,JOSEPH
Ms,JOSEPHA
Ms,JOSEPHINE
Ms,JOSIE
Mr,JOSIP
Mr,JOVAN
Ms,JOY
Ms,JOYCE
Mr,JOZEF
Mr,JUAN
Mr,JUAN-RAMON
Ms,JUANITA
Ms,JUDI
Mr,JUDIT
Ms,JUDITH
Ms,JUDY
Ms,JUDYTH
Ms,JULIA
Mr,JULIAN
Ms,JULIANA
Ms,JULIANH
Ms,JULIANNA
Ms,JULIANNE
Ms,JULIE
Ms,JULIET
Ms,JULIETTE
Mr,JULIJS
Mr,JULIUS
Ms,JUNE
Ms,JUNETTE
Mr,JURE
Mr,JURIS
Mr,JUSTIN
Mr,JUSTINE
Mr,JUSTYN
Ms,JUTKA
Mr,JUYAN
Mr,JYOTHIS
Ms,KAIRIA
Mr,KAISA-TYTT
Mr,KALIDAS
Mr,KALIOPI
Mr,KALLI
Mr,KALLIOPI
Ms,KALLY
Mr,KAM
Mr,KANDIEH
Mr,KAORU
Ms,KARA
Ms,KAREN
Ms,KARIN
Ms,KARINA
Mr,KARL
Ms,KARLA
Mr,KAROL
Mr,KARREN
Mr,KARUNAVATHT
Mr,KARYEN
Mr,KARYN
Mr,KASTURI
Mr,KATALIN
Mr,KATAUON
Ms,KATE
Ms,KATH
Ms,KATHARINE
Ms,KATHERENE
Ms,KATHERINE
Ms,KATHIE
Ms,KATHLEEN
Ms,KATHRYN
Ms,KATHY
Ms,KATIE
Ms,KATINA
Ms,KATRINA
Ms,KAY
Ms,KAYE
Ms,KAYLENE
Mr,KAYOKO
Mr,KAZUHISA
Mr,KEITH
Ms,KELLI
Ms,KELLIE
Ms,KELLLY
Ms,KELLY
Ms,KELLY-ANNE
Mr,KELVIN
Mr,KELWYN
Mr,KEN
Mr,KENNEDY
Mr,KENNETH
Mr,KENRICK
Mr,KENT
Mr,KEONG
Ms,KERI-LYN
Ms,KERRI-ANN
Ms,KERRIE
Ms,KERRIE-ANN
Mr,KERRILL
Mr,KERRILYN
Mr,KERRY
Mr,KEVAN
Mr,KEVEN
Mr,KEVIN
Mr,KEYHOSROV
Mr,KHALED
Mr,KHIM
Mr,KIA
Mr,KIERAN
Mr,KIEU
Mr,KIEY
Mr,KIM
Mr,KIM-A
Mr,KIMBERLEY
Mr,KINGSLEY
Ms,KIRA
Mr,KIRK
Mr,KIRRILI
Ms,KIRSTI
Ms,KIRSTIE
Ms,KIRSTIN
Ms,KIRSTINE
Ms,KITTY
Mr,KLAUS
Mr,KLEOPATNOS
Mr,KOKONIA
Mr,KON
Ms,KONSTADINA
Mr,KRISHNA
Mr,KRISHNAN
Mr,KRISTEN
Mr,KRISTIE
Mr,KRISTINE
Mr,KUNAL
Mr,KURT
Ms,KYLIE
Ms,KYM
Ms,KYM-LEA
Ms,KYNA
Mr,LAMBERTUS
Mr,LAMBETTUS
Mr,LAMBROS
Ms,LANA
Mr,LANCE
Ms,LANI
Mr,LANILYN
Ms,LARA
Mr,LARELL
Ms,LARISA
Mr,LARRY
Mr,LATIFE
Ms,LAURA
Ms,LAUREL
Mr,LAURENCE
Mr,LAURENT
Mr,LAURIE
Mr,LAURIS
Ms,LAVINA
Mr,LAVONNE
Mr,LAWERNCE
Mr,LAWRENCE
Mr,LAWRIE
Mr,LAZ
Mr,LAZAR
Ms,LEA
Ms,LEAH
Ms,LEANNE
Mr,LEE
Mr,LEE-ANNE
Mr,LEEANNE
Ms,LEIDA
Mr,LEIF
Mr,LEIGH
Ms,LEILA
Ms,LEILANI
Ms,LEISA
Mr,LELAND
Mr,LELI
Mr,LEN
Ms,LENA
Mr,LENNI
Ms,LENORE
Mr,LEO
Mr,LEON
Mr,LEON-LAMB
Mr,LEONA
Mr,LEONARD
Ms,LEONARDA
Mr,LEONARDO
Mr,LEONE
Mr,LEONIE
Mr,LEONNIE
Mr,LEONTINE
Mr,LEOPOLD
Mr,LES
Mr,LESLEY
Ms,LESLIE
Mr,LESTER
Mr,LESZLO
Mr,LEWEEZ
Mr,LEWIS
Mr,LEX
Mr,LIAM
Ms,LIANA
Mr,LIANG
Mr,LIAQAT
Ms,LIBBIE
Ms,LIBBY
Mr,LIEN
Mr,LIESELOTTE
Mr,LIGAYA
Ms,LILIA
Ms,LILIAN
Ms,LILIANA
Ms,LILLIAN
Mr,LILLIAS
Ms,LILY
Mr,LIN
Ms,LINA
Mr,LINCOLN
Ms,LINDA
Mr,LINDSAY
Ms,LINDY
Mr,LINIS
Mr,LIONEL
Ms,LIORA
Ms,LIOUDMILA
Mr,LIQING
Mr,LIS
Ms,LISA
Ms,LITSA
Mr,LIZ
Mr,LLEWELLYN
Mr,LLOYD
Ms,LOIS
Ms,LOIUSE
Ms,LOLETTA
Mr,LON
Ms,LONA
Ms,LORAINE
Ms,LOREDANA
Ms,LOREE
Ms,LORETTA
Ms,LORI
Ms,LORNA
Ms,LORRAINE
Mr,LOUIS
Ms,LOUISA
Ms,LOUISE
Mr,LOURDES
Mr,LU
Ms,LUBA
Ms,LUBNA
Mr,LUBOMIR
Ms,LUCIA
Ms,LUCILLE
Ms,LUCY
Ms,LUDMILA
Ms,LUDMILLA
Mr,LUDWIK
Mr,LUIGI
Mr,LUIS
Ms,LUISA
Mr,LUKE
Mr,LWJ
Ms,LYDIA
Ms,LYILYANA
Ms,LYLA
Ms,LYN
Ms,LYNDA
Mr,LYNDALL
Ms,LYNDI
Mr,LYNDON
Mr,LYNDSAY
Ms,LYNDY
Ms,LYNETTE
Ms,LYNN
Ms,LYNNE
Ms,MABEL
Mr,MACALYK
Mr,MACHIKO
Ms,MADELEINE
Ms,MADELINE
Ms,MADELYN
Ms,MADGE
Ms,MAGADALENA
Mr,MAGATTE
Ms,MAGDALENA
Ms,MAGGIE
Ms,MAIDEE
Mr,MAL
Mr,MALCOLM
Mr,MALCOM
Mr,MALGIOGLIO
Ms,MALINDA
Ms,MALISA
Mr,MAN
Ms,MANDI
Ms,MANDY
Mr,MANFRED
Mr,MANLIO
Mr,MANSOOR
Mr,MANUEL
Mr,MARC
Mr,MARCEL
Ms,MARCELA
Ms,MARCELLE
Ms,MARCHILIA
Ms,MARCIA
Mr,MARCUS
Ms,MAREE
Mr,MARFISA
Ms,MARGARET
Ms,MARGARETHE
Ms,MARGEI
Ms,MARGERET
Ms,MARGERY
Ms,MARGEURITE
Ms,MARGIE
Ms,MARGIT
Ms,MARGO
Ms,MARGOT
Ms,MARGRET
Ms,MARGRETE
Ms,MARGURITE
Ms,MARI
Ms,MARIA
Ms,MARIAGRAZIA
Mr,MARIAN
Ms,MARIANNA
Ms,MARIANNE
Ms,MARIE
Ms,MARIE-LOUISE
Ms,MARIETTA
Ms,MARIKA
Ms,MARILYN
Ms,MARINA
Mr,MARINUS
Mr,MARIO
Ms,MARIOLA
Mr,MARION
Ms,MARISA
Ms,MARJORIE
Ms,MARJORY
Mr,MARK
Mr,MARKO
Ms,MARLENE
Ms,MARRIANNE
Mr,MARRY
Ms,MARSHA
Ms,MARTA
Ms,MARTHA
Mr,MARTIN
Ms,MARTINA
Mr,MARVIN
Ms,MARY
Ms,MARYAMELIA
Ms,MARYANN
Ms,MARYANNE
Ms,MARYELLEN
Ms,MARYKE
Ms,MARYLINE
Ms,MARYLYN
Ms,MATA
Mr,MATHEW
Mr,MATHONSI
Ms,MATILDE
Mr,MATT
Mr,MATTHEW
Mr,MATVEY
Ms,MAUELA
Mr,MAUICE
Ms,MAUREEN
Mr,MAURICE
Mr,MAURO
Ms,MAVIS
Mr,MAX
Ms,MAXEINE
Mr,MAXIMILIAN
Ms,MAXINE
Mr,MAXWELL
Ms,MAY
Ms,MAYA
Mr,MEDHAT
Ms,MEGAN
Mr,MEHBOOB
Mr,MEHMET
Mr,MEL
Ms,MELANIE
Ms,MELINDA
Ms,MELISA
Ms,MELISSA
Ms,MELLISA
Ms,MELVA
Mr,MELVIN
Mr,MELVYN
Mr,MERCEL
Mr,MERIKI
Ms,MERILYN
Mr,MERLE
Ms,MERLENE
Ms,MERLYN
Ms,MERRILYN
Mr,MERTON
Mr,MERV
Mr,MERVIN
Mr,MERVYN
Ms,MERYL
Mr,MESUT
Mr,MICHAEL
Ms,MICHAELA
Mr,MICHEAL
Mr,MICHEL
Mr,MICHELE
Ms,MICHELINA
Ms,MICHELINE
Ms,MICHELLE
Mr,MIKAS
Mr,MIKE
Mr,MIKHAIL
Mr,MILA
Mr,MILAN
Mr,MILENKO
Ms,MILKA
Mr,MILLY
Mr,MILOVAN
Mr,MILTON
Mr,MINA
Ms,MINERVA
Mr,MING
Mr,MING-YAN
Ms,MINNIE
Ms,MIRANDA
Ms,MIRIAM
Mr,MIRO
Mr,MIROSLAV
Mr,MITCH
Mr,MITCHELL
Ms,MITZIE
Mr,MIYOKO
Mr,MIZPAH
Mr,MOGHAZY
Mr,MOHAMAD
Mr,MOHAMED
Mr,MOHAMMAD
Mr,MOHAMMED
Mr,MOHMED
Ms,MOIRA
Ms,MOLLIE
Ms,MOLLY
Ms,MONA
Mr,MONIC
Ms,MONICA
Ms,MONIKA
Ms,MONIQUE
Mr,MONTY
Mr,MORABITO
Mr,MORAY
Ms,MORENA
Mr,MORGAN
Mr,MORRIS
Mr,MORTYN
Mr,MOURAD
Ms,MOYA
Mr,MUHAMED
Mr,MULJONO
Mr,MURDOCH
Mr,MURIEL
Mr,MURK
Mr,MURRAY
Mr,MUSA
Mr,MUSTAFA
Mr,MUTTIAH
Mr,MYLES
Ms,MYRA
Ms,MYRNA
Ms,MYRTLE
Mr,NABIL
Mr,NADIA
Mr,NAKLEE
Mr,NALA
Mr,NAMASIVAYAM
Mr,NANCE
Ms,NANCIE
Ms,NANCY
Ms,NANCYE
Mr,NANDALAL
Ms,NAOMI
Mr,NARAYAN
Mr,NARDIA
Mr,NARELLE
Mr,NASSIF
Ms,NATALE
Ms,NATALIE
Ms,NATALINA
Ms,NATASHA
Mr,NATHAN
Mr,NAZIH
Mr,NEAL
Mr,NED
Mr,NEDJELJKA
Mr,NEIL
Ms,NELIDA
Ms,NELIYA
Ms,NELL
Ms,NELLA
Ms,NELLIE
Mr,NELLY
Mr,NELSON
Ms,NELVA
Mr,NERBERT
Ms,NEREA
Ms,NERIDA
Ms,NEVENKA
Mr,NEVIA
Mr,NEVILLE
Mr,NEVRVZ
Mr,NEVZETA
Mr,NEWTON
Mr,NGA
Mr,NGAIRE
Mr,NIC
Mr,NICHOLAS
Mr,NICK
Mr,NICKOLAI
Mr,NICKY
Ms,NICOLA
Ms,NICOLE
Mr,NIGEL
Ms,NIKOLA
Mr,NIKOLAOS
Mr,NILL
Mr,NILOUFER
Mr,NILS
Mr,NIMMI
Ms,NINA
Ms,NINETTE
Ms,NITA
Mr,NOEL
Ms,NOELA
Ms,NOELENE
Ms,NOELINE
Ms,NOELLE
Mr,NOEMI
Ms,NOLA
Ms,NOLEEN
Ms,NONA
Ms,NORA
Mr,NORBERT
Mr,NOREEN
Mr,NORIO
Mr,NORM
Ms,NORMA
Mr,NORMAN
Ms,NUALA
Mr,NUMERIANO
Mr,NUR
Ms,ODETTE
Ms,OLGA
Mr,OLGICA
Ms,OLIVE
Mr,OLIVER
Ms,OLIVIE
Mr,ORATAI
Mr,ORLANDO
Mr,ORMOND
Mr,OSAMU
Mr,OSCAR
Mr,OSWALD
Mr,OTTAVIANO
Mr,OTTO
Ms,OURANIA
Mr,OWEN
Ms,PACITA
Mr,PALL
Mr,PALMA
Mr,PAM
Ms,PAMELA
Ms,PAMELLA
Mr,PANAGIOTIS
Mr,PAOLI
Mr,PARASKA
Mr,PARIS
Mr,PASCAL
Mr,PASH
Mr,PASQUALE
Ms,PAT
Mr,PATER
Ms,PATRICIA
Ms,PATRICIA--TRISH
Mr,PATRICK
Ms,PATSY
Mr,PAUL
Ms,PAULA
Mr,PAULE
Ms,PAULETTE
Ms,PAULINE
Mr,PAULO
Mr,PEARL
Mr,PECO
Ms,PEGGY
Ms,PENELOPE
Ms,PENKA
Mr,PENTTI
Mr,PERCIVAL
Mr,PERCY
Mr,PERVAZ
Ms,PETA
Mr,PETAR
Mr,PETER
Mr,PETRAEA
Mr,PHIL
Mr,PHILIP
Ms,PHILIPPA
Mr,PHILLIP
Mr,PHILLIS
Ms,PHILOMENA
Ms,PHYLIS
Ms,PHYLISS
Ms,PHYLLIS
Ms,PHYLLISS
Mr,PIERRE
Mr,PIETRO
Mr,PIFA
Mr,POLA
Ms,POLINA
Ms,POLLY
Mr,POROM
Mr,PRABHAKAR
Mr,PRASANTAKUMAR
Ms,PRISCILLA
Ms,PROSPERA
Ms,PRUDENCE
Mr,PRVOS
Mr,PURACHAJTRA
Mr,PURISIMA
Mr,QI
Mr,QUANG
Ms,QUINTILIA
Ms,QUONA
Ms,RACHAEL
Ms,RACHEAL
Ms,RACHEL
Mr,RADE
Mr,RADIO
Mr,RADOMIR
Mr,RADOVAN
Mr,RAE
Ms,RAELEA
Ms,RAELENE
Mr,RAFAEL
Mr,RAFFAEL
Ms,RAFFAELA
Ms,RAFFAELE
Mr,RAFFE
Mr,RAFKI
Mr,RAJIV
Mr,RALF
Mr,RALPH
Mr,RAMESH
Ms,RAMONA
Mr,RAMSFORD
Mr,RAQUEL
Mr,RASANAY
Mr,RASIC
Mr,RATNA
Mr,RAVICHANDAR
Mr,RAVINDER
Mr,RAY
Mr,RAYESA
Mr,RAYLENE
Mr,RAYMA
Mr,RAYMOND
Mr,RAYOND
Ms,REBECCA
Mr,REG
Mr,REGIN
Ms,REGINA
Mr,REGINALD
Mr,REID
Mr,REMEDIOS
Mr,REMO
Ms,RENAE
Ms,RENATA
Ms,RENATE
Mr,RENATO
Ms,RENAY
Mr,RENE
Ms,RENEE
Mr,RENIE
Mr,REOROSANA
Mr,RETA
Mr,REX
Ms,RHIANNON
Ms,RHONA
Ms,RHONDA
Ms,RHONDDA
Mr,RIBOMARIL
Mr,RICARDO
Mr,RICHARD
Mr,RICHARDSON
Mr,RICK
Ms,RICKI
Mr,RICKY
Ms,RIITTA
Mr,RILLA
Mr,RIMON
Mr,RIN
Ms,RINA
Mr,RION
Mr,RIS
Mr,RISCO
Ms,RITA
Ms,RIVKA
Ms,RIZA
Mr,ROB
Mr,ROBERT
Ms,ROBERTA
Mr,ROBERTO
Mr,ROBIN
Ms,ROBINA
Ms,ROBYN
Ms,ROBYNNE
Mr,ROCCO
Mr,ROCHELLE
Mr,ROD
Mr,RODDAN
Mr,RODERICK
Mr,RODNEY
Mr,RODOLFO
Mr,RODRICK
Mr,RODRIGO
Mr,ROGER
Mr,ROHAN
Mr,ROLAND
Mr,ROLF
Ms,ROMA
Mr,ROMAN
Mr,ROMANY
Mr,RON
Mr,RONA
Mr,RONALD
Mr,RONALDI
Ms,RONDA
Mr,RONELLE
Mr,RONNIE
Mr,RORY
Mr,ROS
Ms,ROSA
Ms,ROSALIA
Ms,ROSALIE
Ms,ROSALIND
Ms,ROSANNA
Ms,ROSARIA
Mr,ROSARIO
Ms,ROSE
Ms,ROSELYN
Ms,ROSEMARIE
Ms,ROSEMARY
Ms,ROSENDA
Ms,ROSETTA
Ms,ROSIE
Ms,ROSINA
Ms,ROSITA
Ms,ROSLYN
Mr,ROSS
Mr,ROWAN
Ms,ROWENA
Mr,ROWLAND
Mr,ROY
Mr,ROYCE
Mr,ROYNON
Mr,ROZ
Mr,ROZIEN
Mr,RUBENS
Ms,RUBY
Mr,RUDOLF
Mr,RUDOLPH
Mr,RUPERT
Mr,RUPINDER
Mr,RUSSELL
Ms,RUTH
Ms,RUTH-MAIE
Mr,RUZA
Mr,RYAN
Mr,RYLAND
Mr,RYSZARD-MARZANNA
Mr,SABAHAT
Mr,SABINE
Mr,SAC
Mr,SACHIN
Ms,SADIE
Mr,SADRUDIN
Ms,SAFETA
Mr,SAFFAT
Ms,SALLY
Mr,SALVATORE
Mr,SAM
Mr,SAMAH
Ms,SAMANTHA
Mr,SAMAR
Ms,SAMIA
Mr,SAMIH
Mr,SAMIR
Mr,SAMUEL
Ms,SANDRA
Ms,SANDY
Mr,SANTO
Ms,SARA-JANE
Ms,SARAH
Ms,SARAH-JANE
Mr,SARI
Mr,SASA
Mr,SASHA
Mr,SAVERIO
Mr,SAVVAS
Mr,SCHOLLY
Mr,SCOTT
Mr,SEAD
Mr,SEAN
Ms,SEBASTIANA
Mr,SEBASTIANO
Mr,SEBASTION
Mr,SEE-KING
Mr,SELVAM
Mr,SELWYN
Mr,SENKA
Mr,SEPPO
Mr,SEUAO
Mr,SEVCAN
Mr,SHABBIR
Ms,SHAELENE
Mr,SHAHAR
Mr,SHAHZEEN
Mr,SHAMOUN
Mr,SHAMUS
Mr,SHANE
Ms,SHAREE
Ms,SHARLENE
Ms,SHARON
Ms,SHARRYN
Ms,SHARYN
Mr,SHAUN
Ms,SHAUNA
Mr,SHAWGI
Ms,SHEELAGH
Ms,SHEILA
Ms,SHELIA
Ms,SHELLEY
Ms,SHELLY
Ms,SHEREE
Mr,SHERIFF
Ms,SHERLIE
Mr,SHERRILL
Mr,SHERYLE
Mr,SHIKHA
Ms,SHIRLENE
Ms,SHIRLEY
Ms,SHIRLIANNE
Mr,SHIV
Mr,SHOMA
Ms,SHONA
Mr,SHOZO
Mr,SHU
Mr,SHULAMITH
Mr,SIAVASH
Mr,SIDNEY
Ms,SILVANA
Ms,SILVIA
Mr,SILVIO
Mr,SIMON
Ms,SIMONA
Ms,SIMONE
Mr,SIRJIT
Mr,SJDAD
Mr,SJOERD
Ms,SKYE
Ms,SMAREE
Mr,SOBHI
Ms,SOFIA
Ms,SOFIE
Mr,SOLEDAD
Mr,SOLOIAUTELE
Mr,SOLOMON
Mr,SOMPRON
Mr,SONGUL
Ms,SONIA
Ms,SONJA
Ms,SONYA
Mr,SOO
Mr,SOON
Ms,SOPHIA
Ms,SORORE
Mr,SOUAD
Mr,SOUHA
Mr,SOW-CHUI
Mr,SPENCER
Mr,SPIRO
Mr,SPIROS
Ms,STACEY
Mr,STAN
Ms,STANIKA
Mr,STANISLAUS
Mr,STANISLAW
Mr,STANISTAW
Mr,STANLEY
Mr,STAV
Mr,STEFAN
Mr,STEFANO
Ms,STEFFI
Mr,STELIOS
Ms,STELLA
Mr,STEPEHEN
Mr,STEPEN
Ms,STEPHANIE
Mr,STEPHANUS
Mr,STEPHEN
Mr,STEVE
Mr,STEVEN
Mr,STEWART
Mr,STIG
Mr,STIPE
Mr,STUART
Mr,SUBHI
Mr,SUBODHA
Ms,SUE
Ms,SUELLEN
Mr,SUET
Mr,SULEYMAN
Mr,SULY
Mr,SUNDER
Mr,SUNG-JA
Mr,SUNNY
Ms,SUSAN
Ms,SUSANA
Ms,SUSANN
Ms,SUSANNA
Ms,SUSANNE
Ms,SUZAN
Ms,SUZANNE
Ms,SUZY
Ms,SUZZANE
Ms,SVETLANA
Mr,SWANSAN
Ms,SYLVIA
Ms,SYLVIE
Ms,TABATHA
Mr,TAJINDER
Ms,TALIA
Ms,TAMARA
Mr,TAMAS
Ms,TAMMIE
Ms,TAMMY
Ms,TANIA
Ms,TANYA
Ms,TARA
Mr,TAREK
Mr,TASI
Ms,TATIANA
Mr,TAYLOR
Mr,TED
Mr,TENEQUE
Mr,TERENCE
Ms,TERESA
Ms,TERESE
Mr,TEROL
Mr,TERRANCE
Mr,TERRENCE
Ms,TERRI-ANNE
Ms,TERRI-LEE
Mr,TERRY
Ms,TESSA
Ms,THELMA
Mr,THEMI
Mr,THEODOR
Mr,THEODORE
Mr,THEODORUS
Ms,THERESA
Ms,THERESE
Ms,THETA
Mr,THGERESIA
Ms,THIA
Mr,THIAN
Mr,THIRUMANIE
Mr,THOMAS
Mr,THOMPSON
Mr,THUY
Mr,TIBOR
Mr,TIEN-CHI
Mr,TIM
Mr,TIMOTHY
Mr,TIN
Ms,TINA
Mr,TINO
Mr,TOBIN
Mr,TOBY
Mr,TOM
Mr,TOMASZ
Mr,TOMMASO
Mr,TONG-TUONG
Ms,TONI
Mr,TONY
Mr,TORQUIL
Ms,TRACEY
Ms,TRACY
Mr,TRAVIS
Mr,TREFOR
Mr,TRENT
Mr,TREVOR
Mr,TREVOUR
Ms,TRICHA
Ms,TRICIA
Mr,TRILBY
Ms,TRISH
Ms,TRIXIE
Mr,TRONG
Mr,TROY
Ms,TRUDI
Ms,TRUDY
Mr,TRUONG
Mr,TSE-CHUNG
Mr,TSUN
Mr,TULLIO
Mr,TUNNI
Mr,UMER
Ms,UNA
Ms,URSULA
Ms,UTHAYA
Ms,UTRA
Mr,UWE
Mr,VADIM
Mr,VAITIALINGAM
Ms,VAL
Ms,VALDA
Ms,VALENTINA
Ms,VALERI
Ms,VALERIE
Ms,VALERY
Ms,VALMA
Ms,VALMAI
Mr,VALMAR
Ms,VANDRA
Ms,VANESSA
Ms,VANITHA
Ms,VANNARA
Ms,VASILIJA
Mr,VASILIOS
Mr,VAUGHAN
Mr,VEDAT
Ms,VEERA
Ms,VELAMA
Ms,VERA
Mr,VERDUN
Ms,VERNA
Ms,VERONICA
Mr,VICKI
Mr,VICKY
Mr,VICTOR
Ms,VICTORIA
Mr,VICTORIANO
Mr,VIENNA
Mr,VIJAYA
Mr,VIKKI
Mr,VIKRAM
Mr,VINAYAGAMOORTHY
Mr,VINCE
Mr,VINCENT
Ms,VINCENZA
Mr,VINCENZO
Mr,VING
Ms,VIOLA
Ms,VIOLET
Ms,VIOLETA
Ms,VIOLETTE
Ms,VIRGINIA
Ms,VIRIANNE
Mr,VISNINCA
Mr,VITTORIO
Ms,VIVIAN
Ms,VIVIANNE
Ms,VIVIEN
Ms,VIVIENNE
Mr,VLADAS
Mr,VLADIMIR
Mr,VLASSIOS
Mr,VOJTECH
Mr,VUKOSAVA
Mr,VYTAUTAS
Mr,WAHID
Mr,WALKER
Mr,WALLACE
Mr,WALLIS
Mr,WALLY
Mr,WALTER
Mr,WALTON
Ms,WANDA
Mr,WARICK
Mr,WARREN
Mr,WARWICK
Mr,WASYL
Mr,WAYNE
Ms,WENDE
Ms,WENDY
Mr,WERNER
Mr,WESLEY
Ms,WIESLAWA
Mr,WIJAYASIRI
Mr,WILFRED
Mr,WILFREDO
Mr,WILGA
Mr,WILHELM
Ms,WILHELMINA
Mr,WILHELMUS
Mr,WILL
Mr,WILLEM
Mr,WILLI
Mr,WILLIAM
Mr,WILLIE
Ms,WILMA
Mr,WIM
Mr,WIN
Ms,WINEFRED-JOY
Ms,WINIFRED
Mr,WINSTONE
Mr,WLADYSLAW
Mr,WOLF
Mr,WOLFGANG
Mr,WRAP
Mr,WYNNE
Mr,XIUZHEN
Mr,YAKOV
Mr,YASUKA
Mr,YELENA
Mr,YERCHANICK
Mr,YIN
Mr,YOKO
Ms,YOLANDA
Mr,YORIAKI
Mr,YUDE
Mr,YUKIE
Mr,YVES
Ms,YVETTE
Ms,YVONNE
Ms,ZAKIA
Ms,ZARIFA
Mr,ZARIN
Mr,ZAYNAB
Mr,ZDZISLAWA
Mr,ZECHARIAH
Mr,ZELKO
Ms,ZELMA
Ms,ZELYKA
Ms,ZENA
Ms,ZETA
Mr,ZISIS
Ms,ZITA
Mr,ZOE
Ms,ZOFIA
Mr,ZOLTAN
Ms,ZORA
Mr,ZORAN
Mr,ZORKO
Mr,ZORNNO
